stage,hw_recall,llm_recall,delta_recall,hw_f2,llm_f2,delta_f2,hw_mcc,llm_mcc,delta_mcc
S1,,0.8947368421052632,,,0.7179054054054054,,,0.3783832373613118,
S2,,,,,,,,,
S4,,,,,,,,,
S5,,,,,,,,,
S6-MPG,,0.8996784565916399,,,0.8925609289268853,,,0.7615145432924639,
S6-UTA,,,,,,,,,
S6-fuzzer,,0.5734341252699784,,,0.6202546431491648,,,0.4535570679222547,
S8-deepseek,,,,,,,,,
S8-llama,,,,,,,,,
S8-ministral,,,,,,,,,
